{
  "method": "walk_forward_ceiling_targets",
  "target": "max(hist_p90, hist_max, actual_vol)",
  "folds": [
    {
      "fold": 1,
      "CENSORING_UPLIFT": 0.8566154859262203,
      "CATCHMENT_UPLIFT": 1.9980959295498943,
      "train_loss": 0.9594266178102866,
      "val_loss": 1.6972405144587954,
      "train_rows": 49967,
      "val_rows": 24987
    },
    {
      "fold": 2,
      "CENSORING_UPLIFT": 1.3861455834317455,
      "CATCHMENT_UPLIFT": 1.9995322792302295,
      "train_loss": 1.2044724303665126,
      "val_loss": 1.128895109031903,
      "train_rows": 74954,
      "val_rows": 25125
    },
    {
      "fold": 3,
      "CENSORING_UPLIFT": 1.2793850797143562,
      "CATCHMENT_UPLIFT": 1.9996453276351107,
      "train_loss": 1.1854067773100456,
      "val_loss": 1.2085004110693487,
      "train_rows": 100079,
      "val_rows": 25074
    },
    {
      "fold": 4,
      "CENSORING_UPLIFT": 1.320023707756176,
      "CATCHMENT_UPLIFT": 1.999564782977815,
      "train_loss": 1.1900497486861221,
      "val_loss": 0.9438954225597626,
      "train_rows": 125153,
      "val_rows": 25078
    }
  ],
  "CENSORING_UPLIFT": 1.2997043937352661,
  "CATCHMENT_UPLIFT": 1.9995485311040222,
  "previous_CENSORING_UPLIFT": 1.3372,
  "previous_CATCHMENT_UPLIFT": 1.4998
}