{
  "method": "walk_forward_ceiling_targets",
  "target": "max(hist_p90, hist_max, actual_vol)",
  "folds": [
    {
      "fold": 1,
      "CENSORING_UPLIFT": 0.7201440325332195,
      "CATCHMENT_UPLIFT": 0.6352926738766768,
      "train_loss": 0.9590952252220588,
      "val_loss": 1.6956274323558667,
      "train_rows": 49967,
      "val_rows": 24987
    },
    {
      "fold": 2,
      "CENSORING_UPLIFT": 1.11869010189116,
      "CATCHMENT_UPLIFT": 0.9434594764387605,
      "train_loss": 1.2035265617690114,
      "val_loss": 1.127657969491205,
      "train_rows": 74954,
      "val_rows": 25125
    },
    {
      "fold": 3,
      "CENSORING_UPLIFT": 1.018655225484372,
      "CATCHMENT_UPLIFT": 1.0111703023052216,
      "train_loss": 1.1843872788817797,
      "val_loss": 1.2074217076663274,
      "train_rows": 100079,
      "val_rows": 25074
    },
    {
      "fold": 4,
      "CENSORING_UPLIFT": 1.0469697467899328,
      "CATCHMENT_UPLIFT": 1.0426692434120177,
      "train_loss": 1.1890177063781229,
      "val_loss": 0.9432468359516024,
      "train_rows": 125153,
      "val_rows": 25078
    }
  ],
  "CENSORING_UPLIFT": 1.0328124861371524,
  "CATCHMENT_UPLIFT": 0.9773148893719911,
  "previous_CENSORING_UPLIFT": 1.3324,
  "previous_CATCHMENT_UPLIFT": 0.8496
}