{
  "use_ceiling_quantile_blend": true,
  "heuristic_only": {
    "Model": "Heuristic_Latent_TwoRegime",
    "rank_corr_ceiling_spearman": 0.8700734420403795,
    "uplift_censoring_spearman": 0.14037835792937225,
    "pct_pred_exceeds_observed": 59.85529588595298,
    "observed_mae": 111.71839713311493
  },
  "blended_production": {
    "Model": "Heuristic_Quantile_Blend",
    "rank_corr_ceiling_spearman": 0.871700797490569,
    "uplift_censoring_spearman": 0.1784245729641639,
    "pct_pred_exceeds_observed": 61.135957272754275,
    "observed_mae": 111.75328765637913
  },
  "delta_rank_corr_ceiling": 0.0016273554501894383,
  "delta_uplift_censoring": 0.038046215034791636
}